Fiesta,Promo,Posts
1,0,2.972419345
0,0,3.457968108
1,0,3.637381079
0,0,3.588496137
0,0,3.022357035
0,1,2.711246074
0,1,2.540280971
1,1,2.446330354
0,0,2.394701582
0,0,2.366329974
0,1,2.350738897
0,0,2.342171118
0,0,2.337462858
0,0,2.334875523